{
    "_comment": "DO NOT EDIT: FILE GENERATED AUTOMATICALLY BY PTERODACTYL PANEL - PTERODACTYL.IO",
    "meta": {
        "version": "PTDL_v1"
    },
    "exported_at": "2020-10-19T23:22:26+00:00",
    "name": "Bungeecord",
    "author": "support@pterodactyl.io",
    "description": "For a long time, Minecraft server owners have had a dream that encompasses a free, easy, and reliable way to connect multiple Minecraft servers together. BungeeCord is the answer to said dream. Whether you are a small server wishing to string multiple game-modes together, or the owner of the ShotBow Network, BungeeCord is the ideal solution for you. With the help of BungeeCord, you will be able to unlock your community's full potential.",
    "image": "quay.io\/pterodactyl\/core:java",
    "startup": "java -Xms128M -Xmx{{SERVER_MEMORY}}M -jar {{SERVER_JARFILE}}",
    "config": {
        "files": "{\r\n    \"config.yml\": {\r\n        \"parser\": \"yaml\",\r\n        \"find\": {\r\n            \"listeners[0].query_enabled\": true,\r\n            \"listeners[0].query_port\": \"{{server.build.default.port}}\",\r\n            \"listeners[0].host\": \"0.0.0.0:{{server.build.default.port}}\",\r\n            \"servers.*.address\": {\r\n                \"regex:^(127\\\\.0\\\\.0\\\\.1|localhost)(:\\\\d{1,5})?$\": \"{{config.docker.interface}}$2\"\r\n            }\r\n        }\r\n    }\r\n}",
        "startup": "{\r\n    \"done\": \"Listening on \",\r\n    \"userInteraction\": [\r\n        \"Listening on \/0.0.0.0:25577\"\r\n    ]\r\n}",
        "logs": "{\r\n    \"custom\": false,\r\n    \"location\": \"proxy.log.0\"\r\n}",
        "stop": "end"
    },
    "scripts": {
        "installation": {
            "script": "#!\/bin\/bash\r\n# Bungeecord Installation Script\r\n#\r\n# Server Files: \/mnt\/server\r\napt update\r\napt install -y curl\r\n\r\ncd \/mnt\/server\r\n\r\nif [ -z \"${BUNGEE_VERSION}\" ] || [ \"${BUNGEE_VERSION}\" == \"latest\" ]; then\r\n    BUNGEE_VERSION=\"lastStableBuild\"\r\nfi\r\n\r\ncurl -o ${SERVER_JARFILE} https:\/\/ci.md-5.net\/job\/BungeeCord\/${BUNGEE_VERSION}\/artifact\/bootstrap\/target\/BungeeCord.jar",
            "container": "debian:buster-slim",
            "entrypoint": "bash"
        }
    },
    "variables": [
        {
            "name": "Bungeecord Version",
            "description": "The version of Bungeecord to download and use.",
            "env_variable": "BUNGEE_VERSION",
            "default_value": "latest",
            "user_viewable": true,
            "user_editable": true,
            "rules": "required|alpha_num|between:1,6"
        },
        {
            "name": "Bungeecord Jar File",
            "description": "The name of the Jarfile to use when running Bungeecord.",
            "env_variable": "SERVER_JARFILE",
            "default_value": "bungeecord.jar",
            "user_viewable": true,
            "user_editable": true,
            "rules": "required|regex:\/^([\\w\\d._-]+)(\\.jar)$\/"
        }
    ]
}