{
    "_comment": "DO NOT EDIT: FILE GENERATED AUTOMATICALLY BY PTERODACTYL PANEL - PTERODACTYL.IO",
    "meta": {
        "version": "PTDL_v1"
    },
    "exported_at": "2020-09-06T10:51:50+02:00",
    "name": "SogeBot",
    "author": "info@goover.de",
    "description": "sogeBot - Free Twitch Bot built on Node.js https:\/\/sogebot.xyz\/",
    "image": "quay.io\/parkervcp\/pterodactyl-images:debian_nodejs-12",
    "startup": "npm start",
    "config": {
        "files": "{\r\n    \".env\": {\r\n        \"parser\": \"properties\",\r\n        \"find\": {\r\n            \"PORT\": \"{{server.build.default.port}}\"\r\n        }\r\n    }\r\n}",
        "startup": "{\r\n    \"done\": \"WebPanel is available at\"\r\n}",
        "logs": "{\r\n    \"custom\": false,\r\n    \"location\": \"logs\/latest.log\"\r\n}",
        "stop": "^C"
    },
    "scripts": {
        "installation": {
            "script": "#\/bin\/bash\r\napt -y update\r\napt -y upgrade\r\napt install -y curl unzip sqlite jq wget\r\n#export NODE_OPTIONS=--max-old-space-size=8192\r\n\r\ncd \/mnt\/server\r\n\r\n## get release info and download links\r\nLATEST_JSON=$(curl --silent \"https:\/\/api.github.com\/repos\/${GITHUB_PACKAGE}\/releases\/latest\")\r\nRELEASES=$(curl --silent \"https:\/\/api.github.com\/repos\/${GITHUB_PACKAGE}\/releases\")\r\n\r\nif [ -z \"${VERSION}\" ] || [ \"${VERSION}\" == \"latest\" ]; then\r\n    DOWNLOAD_LINK=$(echo ${LATEST_JSON} | jq .assets | jq -r .[].browser_download_url | grep -i ${MATCH})\r\nelse\r\n    VERSION_CHECK=$(echo ${RELEASES} | jq -r --arg VERSION \"${VERSION}\" '.[] | select(.tag_name==$VERSION) | .tag_name')\r\n    if [ \"${VERSION}\" == \"${VERSION_CHECK}\" ]; then\r\n        DOWNLOAD_LINK=$(echo ${RELEASES} | jq -r --arg VERSION \"${VERSION}\" '.[] | select(.tag_name==$VERSION) | .assets[].browser_download_url' | grep -i ${MATCH})\r\n    else\r\n        echo -e \"defaulting to latest release\"\r\n        DOWNLOAD_LINK=$(echo ${LATEST_JSON} | jq .assets | jq -r .[].browser_download_url)\r\n    fi\r\nfi\r\n\r\n#echo $DOWNLOAD_LINK\r\nwget -N $DOWNLOAD_LINK\r\nunzip $MATCH-*.zip\r\nrm -fR unzip $MATCH-*.zip\r\n\r\nnpm install -g npm@latest\r\n\/usr\/local\/bin\/npm ci\r\n\r\nexit 0",
            "container": "node:12-buster-slim",
            "entrypoint": "bash"
        }
    },
    "variables": [
        {
            "name": "Github Package",
            "description": "the Github Package",
            "env_variable": "GITHUB_PACKAGE",
            "default_value": "sogehige\/sogeBot",
            "user_viewable": true,
            "user_editable": false,
            "rules": "required|string|max:20"
        },
        {
            "name": "Version",
            "description": "Choose Version, you want to install. Default: Latest",
            "env_variable": "VERSION",
            "default_value": "latest",
            "user_viewable": true,
            "user_editable": true,
            "rules": "required|string|max:20"
        },
        {
            "name": "Filename",
            "description": "Filename",
            "env_variable": "MATCH",
            "default_value": "sogeBot",
            "user_viewable": true,
            "user_editable": false,
            "rules": "required|string|max:20"
        }
    ]
}
