{
    "_comment": "DO NOT EDIT: FILE GENERATED AUTOMATICALLY BY PTERODACTYL PANEL - PTERODACTYL.IO",
    "meta": {
        "version": "PTDL_v1"
    },
    "exported_at": "2020-04-22T09:18:34-04:00",
    "name": "Rage.MP",
    "author": "noreply.waypointhosting@gmail.com",
    "description": "https:\/\/rage.mp\/\r\n\r\nModified to work with the latest version of RAGE:MP\r\nWill automatically install linux bridge.\r\n**This server requires 2 ports to be added for the server. the main port and the next (port+1) as ports for the server.",
    "image": "quay.io\/parkervcp\/pterodactyl-images:base_debian",
    "startup": ".\/server",
    "config": {
        "files": "{\r\n    \"conf.json\": {\r\n        \"parser\": \"json\",\r\n        \"find\": {\r\n            \"bind\": \"0.0.0.0\",\r\n            \"port\": \"{{server.build.default.port}}\",\r\n            \"name\": \"{{server.build.env.SERVER_NAME}}\",\r\n            \"maxplayers\": \"{{server.build.env.MAX_PLAYERS}}\",\r\n            \"announce\": \"{{server.build.env.ANNOUNCE}}\"\r\n        }\r\n    }\r\n}",
        "startup": "{\r\n    \"done\": \"Started HTTP server\"\r\n}",
        "logs": "{\r\n    \"custom\": true,\r\n    \"location\": \"logs\/latest.log\"\r\n}",
        "stop": "^C"
    },
    "scripts": {
        "installation": {
            "script": "apt update\r\napt -y install curl tar\r\n\r\ncd \/mnt\/server\r\n\r\necho \"Downloading rage.mp\"\r\ncurl -sSL -o ragemp-srv-037.tar.gz https:\/\/cdn.rage.mp\/lin\/ragemp-srv-037.tar.gz\r\ncurl -sSL -o bridge-linux-037.tar.gz https:\/\/cdn.rage.mp\/lin\/bridge-linux-037.tar.gz\r\n\r\ntar -xzvf ragemp-srv-037.tar.gz --strip 1 -C \/mnt\/server\r\ntar -xzvf bridge-linux-037.tar.gz --strip 1 -C \/mnt\/server\r\n\r\nrm ragemp-srv-037.tar.gz\r\nrm bridge-linux-037.tar.gz\r\n\r\nchmod +x .\/server\r\n\r\nif [ -e conf.json ]; then\r\n    echo \"server config file exists\"\r\nelse\r\n    echo \"Downloading default rage.mp config\"\r\n    curl https:\/\/raw.githubusercontent.com\/parkervcp\/eggs\/master\/gta\/ragemp\/conf.json >> conf.json\r\nfi\r\n\r\necho \"install complete\"\r\n\r\nexit 0",
            "container": "debian:stable-slim",
            "entrypoint": "bash"
        }
    },
    "variables": [
        {
            "name": "Server Name",
            "description": "Server name that will be displayed to the master server.  (64 Char max)",
            "env_variable": "SERVER_NAME",
            "default_value": "RAGE:MP Unofficial server",
            "user_viewable": 1,
            "user_editable": 1,
            "rules": "required|string|max:64"
        },
        {
            "name": "Max Players",
            "description": "Maximum number of players your server will hold.  (Max 100)",
            "env_variable": "MAX_PLAYERS",
            "default_value": "50",
            "user_viewable": 1,
            "user_editable": 0,
            "rules": "required|integer|between:1,100"
        },
        {
            "name": "Announce",
            "description": "Announce to the master server so people can see you in their server browser.\r\n\r\nThis needs to be a 0 (false) or 1 (true) due to weird boolean parsing.",
            "env_variable": "ANNOUNCE",
            "default_value": "0",
            "user_viewable": 1,
            "user_editable": 1,
            "rules": "required|boolean"
        }
    ]
}
