{
    "_comment": "DO NOT EDIT: FILE GENERATED AUTOMATICALLY BY PTERODACTYL PANEL - PTERODACTYL.IO",
    "meta": {
        "version": "PTDL_v1"
    },
    "exported_at": "2020-06-01T21:19:06-04:00",
    "name": "Forge Enhanced",
    "author": "parker@parkervcp.com",
    "description": "Minecraft Forge Server. Minecraft Forge is a modding API (Application Programming Interface), which makes it easier to create mods, and also make sure mods are compatible with each other.",
    "image": "quay.io\/pterodactyl\/core:java",
    "startup": "java -Xms128M -Xmx{{SERVER_MEMORY}}M -Dterminal.jline=false -Dterminal.ansi=true -jar {{SERVER_JARFILE}}",
    "config": {
        "files": "{\r\n    \"server.properties\": {\r\n        \"parser\": \"properties\",\r\n        \"find\": {\r\n            \"server-ip\": \"0.0.0.0\",\r\n            \"enable-query\": \"true\",\r\n            \"server-port\": \"{{server.build.default.port}}\",\r\n            \"query.port\": \"{{server.build.default.port}}\"\r\n        }\r\n    }\r\n}",
        "startup": "{\r\n    \"done\": \")! For help, type \",\r\n    \"userInteraction\": [\r\n        \"Go to eula.txt for more info.\"\r\n    ]\r\n}",
        "logs": "{\r\n    \"custom\": false,\r\n    \"location\": \"logs\/latest.log\"\r\n}",
        "stop": "stop"
    },
    "scripts": {
        "installation": {
            "script": "#!\/bin\/bash\r\n# Forge Installation Script\r\n#\r\n# Server Files: \/mnt\/server\r\napt update\r\napt install -y curl jq\r\n\r\n#Go into main direction\r\nif [ ! -d \/mnt\/server ]; then\r\n    mkdir \/mnt\/server\r\nfi\r\n\r\ncd \/mnt\/server\r\n\r\nif [ ! -z ${FORGE_VERSION} ]; then\r\n    DOWNLOAD_LINK=https:\/\/files.minecraftforge.net\/maven\/net\/minecraftforge\/forge\/${FORGE_VERSION}\/forge-${FORGE_VERSION}\r\n    FORGE_JAR=forge-${FORGE_VERSION}.jar\r\nelse\r\n    JSON_DATA=$(curl -sSL https:\/\/files.minecraftforge.net\/maven\/net\/minecraftforge\/forge\/promotions_slim.json)\r\n\r\n    if [ \"${MC_VERSION}\" == \"latest\" ] || [ \"${MC_VERSION}\" == \"\" ] ; then\r\n        echo -e \"getting latest recommended version of forge.\"\r\n        MC_VERSION=$(echo -e ${JSON_DATA} | jq -r '.promos | del(.\"latest-1.7.10\") | del(.\"1.7.10-latest-1.7.10\") | to_entries[] | .key | select(contains(\"recommended\")) | split(\"-\")[0]' | sort -t. -k 1,1n -k 2,2n -k 3,3n -k 4,4n | tail -1)\r\n    \tBUILD_TYPE=recommended\r\n    fi\r\n\r\n    if [ \"${BUILD_TYPE}\" != \"recommended\" ] && [ \"${BUILD_TYPE}\" != \"latest\" ]; then\r\n        BUILD_TYPE=recommended\r\n    fi\r\n\r\n    echo -e \"minecraft version: ${MC_VERSION}\"\r\n    echo -e \"build type: ${BUILD_TYPE}\"\r\n\r\n    ## some variables for getting versions and things\r\n    FILE_SITE=$(echo -e ${JSON_DATA} | jq -r '.homepage' | sed \"s\/http:\/https:\/g\")\r\n    VERSION_KEY=$(echo -e ${JSON_DATA} | jq -r --arg MC_VERSION \"${MC_VERSION}\" --arg BUILD_TYPE \"${BUILD_TYPE}\" '.promos | del(.\"latest-1.7.10\") | del(.\"1.7.10-latest-1.7.10\") | to_entries[] | .key | select(contains($MC_VERSION)) | select(contains($BUILD_TYPE))')\r\n\r\n    ## locating the forge version\r\n    if [ \"${VERSION_KEY}\" == \"\" ] && [ \"${BUILD_TYPE}\" == \"recommended\" ]; then\r\n        echo -e \"dropping back to latest from recommended due to there not being a recommended version of forge for the mc version requested.\"\r\n        VERSION_KEY=$(echo -e ${JSON_DATA} | jq -r --arg MC_VERSION \"${MC_VERSION}\" '.promos | del(.\"latest-1.7.10\") | del(.\"1.7.10-latest-1.7.10\") | to_entries[] | .key | select(contains($MC_VERSION)) | select(contains(\"recommended\"))')\r\n    fi\r\n\r\n    ## Error if the mc version set wasn't valid.\r\n    if [ \"${VERSION_KEY}\" == \"\" ] || [ \"${VERSION_KEY}\" == \"null\" ]; then\r\n    \techo -e \"The install failed because there is no valid version of forge for the version on minecraft selected.\"\r\n    \texit 1\r\n    fi\r\n\r\n    FORGE_VERSION=$(echo -e ${JSON_DATA} | jq -r --arg VERSION_KEY \"$VERSION_KEY\" '.promos | .[$VERSION_KEY]')\r\n\r\n    if [ \"${MC_VERSION}\" == \"1.7.10\" ] || [ \"${MC_VERSION}\" == \"1.8.9\" ]; then\r\n        DOWNLOAD_LINK=${FILE_SITE}${MC_VERSION}-${FORGE_VERSION}-${MC_VERSION}\/forge-${MC_VERSION}-${FORGE_VERSION}-${MC_VERSION}\r\n        FORGE_JAR=forge-${MC_VERSION}-${FORGE_VERSION}-${MC_VERSION}.jar\r\n        if [ \"${MC_VERSION}\" == \"1.7.10\" ]; then\r\n            FORGE_JAR=forge-${MC_VERSION}-${FORGE_VERSION}-${MC_VERSION}-universal.jar\r\n        fi\r\n    else\r\n        DOWNLOAD_LINK=${FILE_SITE}${MC_VERSION}-${FORGE_VERSION}\/forge-${MC_VERSION}-${FORGE_VERSION}\r\n        FORGE_JAR=forge-${MC_VERSION}-${FORGE_VERSION}.jar\r\n    fi\r\nfi\r\n\r\n\r\n#Adding .jar when not eding by SERVER_JARFILE\r\nif [[ ! $SERVER_JARFILE = *\\.jar ]]; then\r\n  SERVER_JARFILE=\"$SERVER_JARFILE.jar\"\r\nfi\r\n\r\n#Downloading jars\r\necho -e \"Downloading forge version ${FORGE_VERSION}\"\r\necho -e \"Download link is ${DOWNLOAD_LINK}\"\r\nif [ ! -z \"${DOWNLOAD_LINK}\" ]; then \r\n    if curl --output \/dev\/null --silent --head --fail ${DOWNLOAD_LINK}-installer.jar; then\r\n        echo -e \"installer jar download link is valid.\"\r\n    else\r\n        echo -e \"link is invalid closing out\"\r\n        exit 2\r\n    fi\r\nelse\r\n    echo -e \"no download link closing out\"\r\n    exit 3\r\nfi\r\n\r\ncurl -s -o installer.jar -sS ${DOWNLOAD_LINK}-installer.jar\r\n\r\n#Checking if downloaded jars exist\r\nif [ ! -f .\/installer.jar ]; then\r\n    echo \"!!! Error by downloading forge version ${FORGE_VERSION} !!!\"\r\n    exit\r\nfi\r\n\r\n#Installing server\r\necho -e \"Installing forge server.\\n\"\r\njava -jar installer.jar --installServer || { echo -e \"install failed\"; exit 4; }\r\n\r\nmv $FORGE_JAR $SERVER_JARFILE\r\n\r\n#Deleting installer.jar\r\necho -e \"Deleting installer.jar file.\\n\"\r\nrm -rf installer.jar",
            "container": "openjdk:8-jdk-slim",
            "entrypoint": "bash"
        }
    },
    "variables": [
        {
            "name": "Server Jar File",
            "description": "The name of the Jarfile to use when running Forge Mod.",
            "env_variable": "SERVER_JARFILE",
            "default_value": "server.jar",
            "user_viewable": 1,
            "user_editable": 1,
            "rules": "required|regex:\/^([\\w\\d._-]+)(\\.jar)$\/"
        },
        {
            "name": "Forge version",
            "description": "The version of minecraft you want to install for.\r\n\r\nLeaving latest will install the latest recommended version.",
            "env_variable": "MC_VERSION",
            "default_value": "latest",
            "user_viewable": 1,
            "user_editable": 1,
            "rules": "required|string|max:9"
        },
        {
            "name": "Build Type",
            "description": "The type of server jar to download from forge.\r\n\r\nValid types are \"recommended\" and \"latest\".",
            "env_variable": "BUILD_TYPE",
            "default_value": "recommended",
            "user_viewable": 1,
            "user_editable": 1,
            "rules": "required|string|max:20"
        },
        {
            "name": "Forge Version",
            "description": "Gets an exact version.\r\n\r\nEx. 1.15.2-31.2.4\r\n\r\nOverrides MC_VERSION and BUILD_TYPE. If it fails to download the server files it will fail to install.",
            "env_variable": "FORGE_VERSION",
            "default_value": "",
            "user_viewable": 1,
            "user_editable": 1,
            "rules": "nullable|string|max:20"
        }
    ]
}
